{
	"validationErrors": [],
	"internalErrors": [],
	"data": [
		{
			"id": "1",
			"uuid": "98a57350-1591-4459-b44f-ef1192cb32ce",
			"title": "",
			"language": "",
			"financial": "",
			"fname": "Test",
			"lname": "Demo1",
			"mname": "",
			"DOB": "2000-01-01",
			"street": "",
			"postal_code": "",
			"city": "",
			"state": "",
			"country_code": "",
			"drivers_license": "",
			"ss": "",
			"occupation": "",
			"phone_home": "",
			"phone_biz": "",
			"phone_contact": "",
			"phone_cell": "+919876543210",
			"pharmacy_id": "0",
			"status": "",
			"contact_relationship": "",
			"date": "2023-03-09 12:08:36",
			"sex": "Male",
			"referrer": "",
			"referrerID": "",
			"providerID": "0",
			"ref_providerID": "0",
			"email": "",
			"email_direct": "",
			"ethnoracial": "",
			"race": "",
			"ethnicity": "",
			"religion": "",
			"interpretter": "",
			"migrantseasonal": "",
			"family_size": "",
			"monthly_income": "",
			"billing_note": "",
			"homeless": "",
			"financial_review": "0000-00-00 00:00:00",
			"pubpid": "1",
			"pid": "1",
			"genericname1": "",
			"genericval1": "",
			"genericname2": "",
			"genericval2": "",
			"hipaa_mail": "",
			"hipaa_voice": "",
			"hipaa_notice": "",
			"hipaa_message": "",
			"hipaa_allowsms": "",
			"hipaa_allowemail": "",
			"squad": "",
			"fitness": "0",
			"referral_source": "",
			"usertext1": "",
			"usertext2": "",
			"usertext3": "",
			"usertext4": "",
			"usertext5": "",
			"usertext6": "",
			"usertext7": "",
			"usertext8": "",
			"userlist1": "",
			"userlist2": "",
			"userlist3": "",
			"userlist4": "",
			"userlist5": "",
			"userlist6": "",
			"userlist7": "",
			"pricelevel": "standard",
			"regdate": "2023-03-09 12:08:36",
			"contrastart": null,
			"completed_ad": "NO",
			"ad_reviewed": null,
			"vfc": "",
			"mothersname": "",
			"guardiansname": "",
			"allow_imm_reg_use": "",
			"allow_imm_info_share": "",
			"allow_health_info_ex": "",
			"allow_patient_portal": "",
			"deceased_date": null,
			"deceased_reason": "",
			"soap_import_status": null,
			"cmsportal_login": "",
			"care_team_provider": null,
			"care_team_facility": null,
			"care_team_status": "active",
			"county": "",
			"industry": "",
			"imm_reg_status": "",
			"imm_reg_stat_effdate": null,
			"publicity_code": "",
			"publ_code_eff_date": null,
			"protect_indicator": "",
			"prot_indi_effdate": null,
			"guardianrelationship": "",
			"guardiansex": "",
			"guardianaddress": "",
			"guardiancity": "",
			"guardianstate": "",
			"guardianpostalcode": "",
			"guardiancountry": "",
			"guardianphone": "",
			"guardianworkphone": "",
			"guardianemail": "",
			"sexual_orientation": "",
			"gender_identity": "",
			"birth_fname": "Test",
			"birth_lname": "Demo1",
			"birth_mname": "",
			"dupscore": "0",
			"name_history": null,
			"suffix": null,
			"street_line_2": "",
			"patient_groups": null,
			"prevent_portal_apps": null,
			"provider_since_date": null,
			"created_by": "1",
			"updated_by": "1",
			"previous_names": [],
			"addresses": [
				{
					"id": null,
					"contact_id": null,
					"contact_address_id": null,
					"period_start": "2023-03-09 12:08:36",
					"period_end": null,
					"type": "both",
					"use": "home",
					"priority": 0,
					"line1": "",
					"line2": "",
					"city": "",
					"district": "",
					"state": "",
					"postal_code": "",
					"country_code": ""
				}
			]
		}
	]
}